tournament_id,player_id,round_number,strokes,score_to_par
401580340,270,1,67,-5
401580340,270,2,69,-3
401580340,270,3,68,-4
401580340,270,4,64,-8
401580340,41,1,72,0
401580340,41,2,65,-7
401580340,41,3,64,-8
401580340,41,4,68,-4
401580340,319,1,65,-7
401580340,319,2,65,-7
401580340,319,3,70,-2
401580340,319,4,69,-3
401580340,320,1,65,-7
401580340,320,2,69,-3
401580340,320,3,65,-7
401580340,320,4,70,-2
401580340,200,1,66,-6
401580340,200,2,69,-3
401580340,200,3,68,-4
401580340,200,4,69,-3
401580340,278,1,70,-2
401580340,278,2,71,-1
401580340,278,3,68,-4
401580340,278,4,64,-8
401580340,123,1,69,-3
401580340,123,2,69,-3
401580340,123,3,68,-4
401580340,123,4,67,-5
401580340,186,1,67,-5
401580340,186,2,73,1
401580340,186,3,67,-5
401580340,186,4,67,-5
401580340,259,1,70,-2
401580340,259,2,67,-5
401580340,259,3,67,-5
401580340,259,4,71,-1
401580340,210,1,67,-5
401580340,210,2,68,-4
401580340,210,3,68,-4
401580340,210,4,72,0
401580340,149,1,74,2
401580340,149,2,67,-5
401580340,149,3,67,-5
401580340,149,4,68,-4
401580340,289,1,68,-4
401580340,289,2,70,-2
401580340,289,3,68,-4
401580340,289,4,70,-2
401580340,76,1,68,-4
401580340,76,2,68,-4
401580340,76,3,73,1
401580340,76,4,68,-4
401580340,72,1,69,-3
401580340,72,2,70,-2
401580340,72,3,68,-4
401580340,72,4,70,-2
401580340,222,1,68,-4
401580340,222,2,70,-2
401580340,222,3,67,-5
401580340,222,4,72,0
401580340,265,1,70,-2
401580340,265,2,69,-3
401580340,265,3,70,-2
401580340,265,4,69,-3
401580340,273,1,68,-4
401580340,273,2,70,-2
401580340,273,3,70,-2
401580340,273,4,70,-2
401580340,93,1,71,-1
401580340,93,2,70,-2
401580340,93,3,66,-6
401580340,93,4,71,-1
401580340,275,1,71,-1
401580340,275,2,70,-2
401580340,275,3,72,0
401580340,275,4,66,-6
401580340,118,1,69,-3
401580340,118,2,69,-3
401580340,118,3,75,3
401580340,118,4,66,-6
401580340,95,1,69,-3
401580340,95,2,74,2
401580340,95,3,69,-3
401580340,95,4,67,-5
401580340,176,1,70,-2
401580340,176,2,71,-1
401580340,176,3,71,-1
401580340,176,4,67,-5
401580340,14,1,71,-1
401580340,14,2,70,-2
401580340,14,3,70,-2
401580340,14,4,68,-4
401580340,5,1,71,-1
401580340,5,2,71,-1
401580340,5,3,66,-6
401580340,5,4,71,-1
401580340,250,1,65,-7
401580340,250,2,73,1
401580340,250,3,69,-3
401580340,250,4,72,0
401580340,192,1,70,-2
401580340,192,2,73,1
401580340,192,3,69,-3
401580340,192,4,68,-4
401580340,69,1,68,-4
401580340,69,2,70,-2
401580340,69,3,73,1
401580340,69,4,69,-3
401580340,226,1,66,-6
401580340,226,2,68,-4
401580340,226,3,76,4
401580340,226,4,70,-2
401580340,202,1,73,1
401580340,202,2,67,-5
401580340,202,3,68,-4
401580340,202,4,72,0
401580340,209,1,68,-4
401580340,209,2,68,-4
401580340,209,3,72,0
401580340,209,4,72,0
401580340,29,1,72,0
401580340,29,2,71,-1
401580340,29,3,71,-1
401580340,29,4,67,-5
401580340,194,1,68,-4
401580340,194,2,73,1
401580340,194,3,72,0
401580340,194,4,68,-4
401580340,284,1,70,-2
401580340,284,2,72,0
401580340,284,3,69,-3
401580340,284,4,70,-2
401580340,290,1,72,0
401580340,290,2,68,-4
401580340,290,3,70,-2
401580340,290,4,71,-1
401580340,90,1,71,-1
401580340,90,2,71,-1
401580340,90,3,71,-1
401580340,90,4,69,-3
401580340,145,1,69,-3
401580340,145,2,73,1
401580340,145,3,71,-1
401580340,145,4,69,-3
401580340,2,1,71,-1
401580340,2,2,72,0
401580340,2,3,68,-4
401580340,2,4,71,-1
401580340,301,1,70,-2
401580340,301,2,72,0
401580340,301,3,69,-3
401580340,301,4,71,-1
401580340,180,1,69,-3
401580340,180,2,70,-2
401580340,180,3,72,0
401580340,180,4,71,-1
401580340,42,1,71,-1
401580340,42,2,72,0
401580340,42,3,67,-5
401580340,42,4,72,0
401580340,135,1,67,-5
401580340,135,2,71,-1
401580340,135,3,72,0
401580340,135,4,72,0
401580340,113,1,73,1
401580340,113,2,69,-3
401580340,113,3,77,5
401580340,113,4,64,-8
401580340,84,1,73,1
401580340,84,2,70,-2
401580340,84,3,69,-3
401580340,84,4,71,-1
401580340,48,1,69,-3
401580340,48,2,68,-4
401580340,48,3,70,-2
401580340,48,4,76,4
401580340,6,1,70,-2
401580340,6,2,72,0
401580340,6,3,71,-1
401580340,6,4,71,-1
401580340,253,1,70,-2
401580340,253,2,69,-3
401580340,253,3,73,1
401580340,253,4,72,0
401580340,133,1,71,-1
401580340,133,2,72,0
401580340,133,3,68,-4
401580340,133,4,73,1
401580340,303,1,69,-3
401580340,303,2,72,0
401580340,303,3,69,-3
401580340,303,4,74,2
401580340,75,1,71,-1
401580340,75,2,69,-3
401580340,75,3,70,-2
401580340,75,4,74,2
401580340,262,1,73,1
401580340,262,2,70,-2
401580340,262,3,65,-7
401580340,262,4,76,4
401580340,24,1,71,-1
401580340,24,2,69,-3
401580340,24,3,68,-4
401580340,24,4,76,4
401580340,127,1,69,-3
401580340,127,2,68,-4
401580340,127,3,69,-3
401580340,127,4,78,6
401580340,19,1,69,-3
401580340,19,2,74,2
401580340,19,3,72,0
401580340,19,4,70,-2
401580340,219,1,73,1
401580340,219,2,70,-2
401580340,219,3,73,1
401580340,219,4,70,-2
401580340,105,1,72,0
401580340,105,2,69,-3
401580340,105,3,73,1
401580340,105,4,72,0
401580340,325,1,73,1
401580340,325,2,70,-2
401580340,325,3,70,-2
401580340,325,4,73,1
401580340,196,1,70,-2
401580340,196,2,73,1
401580340,196,3,70,-2
401580340,196,4,73,1
401580340,267,1,71,-1
401580340,267,2,72,0
401580340,267,3,69,-3
401580340,267,4,74,2
401580340,53,1,70,-2
401580340,53,2,69,-3
401580340,53,3,73,1
401580340,53,4,74,2
401580340,298,1,67,-5
401580340,298,2,69,-3
401580340,298,3,75,3
401580340,298,4,75,3
401580340,98,1,69,-3
401580340,98,2,71,-1
401580340,98,3,69,-3
401580340,98,4,77,5
401580340,292,1,71,-1
401580340,292,2,72,0
401580340,292,3,74,2
401580340,292,4,70,-2
401580340,312,1,73,1
401580340,312,2,69,-3
401580340,312,3,71,-1
401580340,312,4,74,2
401580340,285,1,72,0
401580340,285,2,69,-3
401580340,285,3,78,6
401580340,285,4,69,-3
401580340,212,1,68,-4
401580340,212,2,75,3
401580340,212,3,74,2
401580340,212,4,71,-1
401580340,307,1,67,-5
401580340,307,2,75,3
401580340,307,3,72,0
401580340,307,4,74,2
401580340,126,1,72,0
401580340,126,2,71,-1
401580340,126,3,70,-2
401580340,126,4,75,3
401580340,242,1,74,2
401580340,242,2,69,-3
401580340,242,3,76,4
401580340,242,4,71,-1
401580340,233,1,72,0
401580340,233,2,70,-2
401580340,233,3,73,1
401580340,233,4,75,3
401580340,61,1,70,-2
401580340,61,2,71,-1
401580340,61,3,70,-2
401580340,61,4,79,7
401580340,236,1,70,-2
401580340,236,2,73,1
401580340,236,3,66,-6
401580340,236,4,81,9
401580340,110,1,70,-2
401580340,110,2,73,1
401580340,110,3,74,2
401580340,110,4,74,2
401580340,173,1,69,-3
401580340,173,2,71,-1
401580340,173,3,76,4
401580340,173,4,76,4
401580340,184,1,75,3
401580340,184,2,69,-3
401580340,26,1,73,1
401580340,26,2,71,-1
401580340,314,1,73,1
401580340,314,2,71,-1
401580340,279,1,72,0
401580340,279,2,72,0
401580340,11,1,72,0
401580340,11,2,72,0
401580340,86,1,71,-1
401580340,86,2,73,1
401580340,255,1,70,-2
401580340,255,2,74,2
401580340,190,1,69,-3
401580340,190,2,75,3
401580340,167,1,76,4
401580340,167,2,69,-3
401580340,37,1,75,3
401580340,37,2,70,-2
401580340,258,1,74,2
401580340,258,2,71,-1
401580340,235,1,72,0
401580340,235,2,73,1
401580340,121,1,71,-1
401580340,121,2,74,2
401580340,25,1,71,-1
401580340,25,2,74,2
401580340,168,1,71,-1
401580340,168,2,74,2
401580340,33,1,71,-1
401580340,33,2,74,2
401580340,100,1,71,-1
401580340,100,2,74,2
401580340,309,1,71,-1
401580340,309,2,74,2
401580340,252,1,69,-3
401580340,252,2,76,4
401580340,88,1,75,3
401580340,88,2,71,-1
401580340,66,1,75,3
401580340,66,2,71,-1
401580340,114,1,75,3
401580340,114,2,71,-1
401580340,201,1,74,2
401580340,201,2,72,0
401580340,158,1,74,2
401580340,158,2,72,0
401580340,227,1,73,1
401580340,227,2,73,1
401580340,305,1,73,1
401580340,305,2,73,1
401580340,251,1,73,1
401580340,251,2,73,1
401580340,99,1,72,0
401580340,99,2,74,2
401580340,280,1,72,0
401580340,280,2,74,2
401580340,31,1,72,0
401580340,31,2,74,2
401580340,57,1,71,-1
401580340,57,2,75,3
401580340,165,1,71,-1
401580340,165,2,75,3
401580340,224,1,77,5
401580340,224,2,70,-2
401580340,175,1,74,2
401580340,175,2,73,1
401580340,7,1,74,2
401580340,7,2,73,1
401580340,67,1,74,2
401580340,67,2,73,1
401580340,203,1,73,1
401580340,203,2,74,2
401580340,15,1,70,-2
401580340,15,2,77,5
401580340,208,1,70,-2
401580340,208,2,77,5
401580340,166,1,70,-2
401580340,166,2,77,5
401580340,160,1,77,5
401580340,160,2,71,-1
401580340,4,1,75,3
401580340,4,2,73,1
401580340,87,1,74,2
401580340,87,2,74,2
401580340,18,1,74,2
401580340,18,2,74,2
401580340,316,1,73,1
401580340,316,2,75,3
401580340,216,1,68,-4
401580340,216,2,80,8
401580340,63,1,75,3
401580340,63,2,74,2
401580340,228,1,73,1
401580340,228,2,76,4
401580340,266,1,73,1
401580340,266,2,76,4
401580340,60,1,73,1
401580340,60,2,76,4
401580340,47,1,69,-3
401580340,47,2,80,8
401580340,313,1,77,5
401580340,313,2,73,1
401580340,291,1,75,3
401580340,291,2,75,3
401580340,1,1,74,2
401580340,1,2,76,4
401580340,55,1,74,2
401580340,55,2,76,4
401580340,269,1,74,2
401580340,269,2,76,4
401580340,39,1,74,2
401580340,39,2,76,4
401580340,247,1,74,2
401580340,247,2,76,4
401580340,32,1,73,1
401580340,32,2,77,5
401580340,171,1,72,0
401580340,171,2,78,6
401580340,119,1,77,5
401580340,119,2,74,2
401580340,169,1,75,3
401580340,169,2,76,4
401580340,225,1,74,2
401580340,225,2,77,5
401580340,246,1,80,8
401580340,246,2,72,0
401580340,174,1,77,5
401580340,174,2,75,3
401580340,28,1,80,8
401580340,28,2,73,1
401580340,49,1,75,3
401580340,49,2,78,6
401580340,54,1,73,1
401580340,54,2,82,10
401580340,51,1,79,7
401580340,51,2,82,10
401580340,109,1,73,1
401580344,270,1,66,-6
401580344,270,2,72,0
401580344,270,3,71,-1
401580344,270,4,68,-4
401580344,186,1,73,1
401580344,186,2,69,-3
401580344,186,3,70,-2
401580344,186,4,69,-3
401580344,301,1,72,0
401580344,301,2,71,-1
401580344,301,3,72,0
401580344,301,4,69,-3
401580344,212,1,67,-5
401580344,212,2,71,-1
401580344,212,3,73,1
401580344,212,4,73,1
401580344,75,1,71,-1
401580344,75,2,70,-2
401580344,75,3,69,-3
401580344,75,4,74,2
401580344,52,1,71,-1
401580344,52,2,72,0
401580344,52,3,72,0
401580344,52,4,71,-1
401580344,45,1,65,-7
401580344,45,2,73,1
401580344,45,3,75,3
401580344,45,4,73,1
401580344,320,1,72,0
401580344,320,2,72,0
401580344,320,3,70,-2
401580344,320,4,73,1
401580344,316,1,70,-2
401580344,316,2,77,5
401580344,316,3,72,0
401580344,316,4,69,-3
401580344,308,1,72,0
401580344,308,2,74,2
401580344,308,3,73,1
401580344,308,4,69,-3
401580344,53,1,70,-2
401580344,53,2,73,1
401580344,53,3,72,0
401580344,53,4,73,1
401580344,234,1,74,2
401580344,234,2,70,-2
401580344,234,3,73,1
401580344,234,4,72,0
401580344,208,1,70,-2
401580344,208,2,73,1
401580344,208,3,74,2
401580344,208,4,72,0
401580344,5,1,73,1
401580344,5,2,71,-1
401580344,5,3,72,0
401580344,5,4,73,1
401580344,51,1,69,-3
401580344,51,2,72,0
401580344,51,3,73,1
401580344,51,4,75,3
401580344,273,1,73,1
401580344,273,2,71,-1
401580344,273,3,74,2
401580344,273,4,72,0
401580344,69,1,74,2
401580344,69,2,75,3
401580344,69,3,68,-4
401580344,69,4,73,1
401580344,47,1,70,-2
401580344,47,2,73,1
401580344,47,3,72,0
401580344,47,4,75,3
401580344,228,1,67,-5
401580344,228,2,73,1
401580344,228,3,74,2
401580344,228,4,76,4
401580344,290,1,71,-1
401580344,290,2,75,3
401580344,290,3,75,3
401580344,290,4,70,-2
401580344,184,1,71,-1
401580344,184,2,73,1
401580344,184,3,72,0
401580344,184,4,75,3
401580344,171,1,78,6
401580344,171,2,71,-1
401580344,171,3,74,2
401580344,171,4,69,-3
401580344,219,1,74,2
401580344,219,2,74,2
401580344,219,3,75,3
401580344,219,4,69,-3
401580344,118,1,72,0
401580344,118,2,74,2
401580344,118,3,75,3
401580344,118,4,71,-1
401580344,6,1,76,4
401580344,6,2,74,2
401580344,6,3,70,-2
401580344,6,4,72,0
401580344,147,1,70,-2
401580344,147,2,78,6
401580344,147,3,71,-1
401580344,147,4,73,1
401580344,250,1,71,-1
401580344,250,2,77,5
401580344,250,3,71,-1
401580344,250,4,73,1
401580344,200,1,71,-1
401580344,200,2,73,1
401580344,200,3,73,1
401580344,200,4,75,3
401580344,233,1,71,-1
401580344,233,2,75,3
401580344,233,3,70,-2
401580344,233,4,76,4
401580344,299,1,72,0
401580344,299,2,78,6
401580344,299,3,77,5
401580344,299,4,66,-6
401580344,135,1,75,3
401580344,135,2,73,1
401580344,135,3,76,4
401580344,135,4,69,-3
401580344,278,1,74,2
401580344,278,2,76,4
401580344,278,3,73,1
401580344,278,4,70,-2
401580344,127,1,75,3
401580344,127,2,74,2
401580344,127,3,74,2
401580344,127,4,70,-2
401580344,242,1,76,4
401580344,242,2,74,2
401580344,242,3,71,-1
401580344,242,4,72,0
401580344,176,1,71,-1
401580344,176,2,73,1
401580344,176,3,82,10
401580344,176,4,68,-4
401580344,54,1,74,2
401580344,54,2,75,3
401580344,54,3,76,4
401580344,54,4,69,-3
401580344,11,1,72,0
401580344,11,2,75,3
401580344,11,3,74,2
401580344,11,4,73,1
401580344,251,1,73,1
401580344,251,2,77,5
401580344,251,3,74,2
401580344,251,4,71,-1
401580344,76,1,70,-2
401580344,76,2,76,4
401580344,76,3,76,4
401580344,76,4,73,1
401580344,190,1,75,3
401580344,190,2,75,3
401580344,190,3,71,-1
401580344,190,4,74,2
401580344,123,1,76,4
401580344,123,2,74,2
401580344,123,3,71,-1
401580344,123,4,74,2
401580344,252,1,69,-3
401580344,252,2,74,2
401580344,252,3,77,5
401580344,252,4,75,3
401580344,237,1,73,1
401580344,237,2,75,3
401580344,237,3,74,2
401580344,237,4,74,2
401580344,275,1,73,1
401580344,275,2,74,2
401580344,275,3,75,3
401580344,275,4,74,2
401580344,90,1,74,2
401580344,90,2,74,2
401580344,90,3,79,7
401580344,90,4,70,-2
401580344,163,1,77,5
401580344,163,2,73,1
401580344,163,3,75,3
401580344,163,4,72,0
401580344,259,1,74,2
401580344,259,2,74,2
401580344,259,3,74,2
401580344,259,4,75,3
401580344,43,1,73,1
401580344,43,2,73,1
401580344,43,3,76,4
401580344,43,4,75,3
401580344,155,1,73,1
401580344,155,2,76,4
401580344,155,3,72,0
401580344,155,4,76,4
401580344,81,1,68,-4
401580344,81,2,75,3
401580344,81,3,76,4
401580344,81,4,78,6
401580344,113,1,76,4
401580344,113,2,74,2
401580344,113,3,78,6
401580344,113,4,70,-2
401580344,99,1,73,1
401580344,99,2,72,0
401580344,99,3,81,9
401580344,99,4,73,1
401580344,4,1,75,3
401580344,4,2,73,1
401580344,4,3,82,10
401580344,4,4,70,-2
401580344,223,1,71,-1
401580344,223,2,76,4
401580344,223,3,80,8
401580344,223,4,73,1
401580344,133,1,74,2
401580344,133,2,76,4
401580344,133,3,78,6
401580344,133,4,73,1
401580344,100,1,71,-1
401580344,100,2,76,4
401580344,100,3,78,6
401580344,100,4,76,4
401580344,303,1,71,-1
401580344,303,2,78,6
401580344,303,3,72,0
401580344,303,4,80,8
401580344,311,1,75,3
401580344,311,2,73,1
401580344,311,3,82,10
401580344,311,4,72,0
401580344,293,1,71,-1
401580344,293,2,79,7
401580344,293,3,77,5
401580344,293,4,75,3
401580344,295,1,73,1
401580344,295,2,72,0
401580344,295,3,82,10
401580344,295,4,77,5
401580344,284,1,77,5
401580344,284,2,74,2
401580344,224,1,77,5
401580344,224,2,74,2
401580344,327,1,76,4
401580344,327,2,75,3
401580344,180,1,74,2
401580344,180,2,77,5
401580344,218,1,74,2
401580344,218,2,77,5
401580344,24,1,74,2
401580344,24,2,77,5
401580344,166,1,73,1
401580344,166,2,78,6
401580344,319,1,73,1
401580344,319,2,78,6
401580344,274,1,72,0
401580344,274,2,79,7
401580344,168,1,72,0
401580344,168,2,79,7
401580344,282,1,74,2
401580344,282,2,78,6
401580344,73,1,74,2
401580344,73,2,78,6
401580344,312,1,71,-1
401580344,312,2,81,9
401580344,41,1,81,9
401580344,41,2,72,0
401580344,262,1,80,8
401580344,262,2,73,1
401580344,158,1,79,7
401580344,158,2,74,2
401580344,236,1,82,10
401580344,236,2,72,0
401580344,268,1,76,4
401580344,268,2,78,6
401580344,46,1,74,2
401580344,46,2,80,8
401580344,279,1,74,2
401580344,279,2,80,8
401580344,62,1,74,2
401580344,62,2,81,9
401580344,107,1,80,8
401580344,107,2,76,4
401580344,138,1,80,8
401580344,138,2,76,4
401580344,255,1,78,6
401580344,255,2,78,6
401580344,94,1,78,6
401580344,94,2,79,7
401580344,110,1,76,4
401580344,110,2,81,9
401580344,8,1,78,6
401580344,8,2,80,8
401580344,226,1,77,5
401580344,226,2,81,9
401580344,98,1,76,4
401580344,98,2,83,11
401580351,320,1,62,-9
401580351,320,2,68,-3
401580351,320,3,68,-3
401580351,320,4,65,-6
401580351,45,1,68,-3
401580351,45,2,65,-6
401580351,45,3,67,-4
401580351,45,4,64,-7
401580351,312,1,68,-3
401580351,312,2,66,-5
401580351,312,3,66,-5
401580351,312,4,66,-5
401580351,292,1,66,-5
401580351,292,2,67,-4
401580351,292,3,70,-1
401580351,292,4,66,-5
401580351,75,1,66,-5
401580351,75,2,65,-6
401580351,75,3,67,-4
401580351,75,4,71,0
401580351,166,1,70,-1
401580351,166,2,67,-4
401580351,166,3,64,-7
401580351,166,4,69,-2
401580351,275,1,69,-2
401580351,275,2,69,-2
401580351,275,3,62,-9
401580351,275,4,70,-1
401580351,33,1,69,-2
401580351,33,2,69,-2
401580351,33,3,69,-2
401580351,33,4,64,-7
401580351,270,1,67,-4
401580351,270,2,66,-5
401580351,270,3,73,2
401580351,270,4,65,-6
401580351,168,1,69,-2
401580351,168,2,67,-4
401580351,168,3,67,-4
401580351,168,4,68,-3
401580351,247,1,66,-5
401580351,247,2,69,-2
401580351,247,3,66,-5
401580351,247,4,70,-1
401580351,14,1,67,-4
401580351,14,2,70,-1
401580351,14,3,70,-1
401580351,14,4,65,-6
401580351,250,1,66,-5
401580351,250,2,71,0
401580351,250,3,68,-3
401580351,250,4,67,-4
401580351,290,1,67,-4
401580351,290,2,68,-3
401580351,290,3,69,-2
401580351,290,4,68,-3
401580351,180,1,71,0
401580351,180,2,65,-6
401580351,180,3,67,-4
401580351,180,4,69,-2
401580351,89,1,69,-2
401580351,89,2,65,-6
401580351,89,3,68,-3
401580351,89,4,70,-1
401580351,259,1,65,-6
401580351,259,2,67,-4
401580351,259,3,67,-4
401580351,259,4,73,2
401580351,255,1,71,0
401580351,255,2,68,-3
401580351,255,3,67,-4
401580351,255,4,67,-4
401580351,171,1,69,-2
401580351,171,2,67,-4
401580351,171,3,68,-3
401580351,171,4,69,-2
401580351,118,1,68,-3
401580351,118,2,67,-4
401580351,118,3,68,-3
401580351,118,4,70,-1
401580351,24,1,67,-4
401580351,24,2,67,-4
401580351,24,3,69,-2
401580351,24,4,70,-1
401580351,303,1,65,-6
401580351,303,2,69,-2
401580351,303,3,69,-2
401580351,303,4,70,-1
401580351,298,1,66,-5
401580351,298,2,73,2
401580351,298,3,68,-3
401580351,298,4,67,-4
401580351,210,1,66,-5
401580351,210,2,72,1
401580351,210,3,69,-2
401580351,210,4,67,-4
401580351,251,1,70,-1
401580351,251,2,69,-2
401580351,251,3,66,-5
401580351,251,4,69,-2
401580351,301,1,72,1
401580351,301,2,69,-2
401580351,301,3,69,-2
401580351,301,4,65,-6
401580351,43,1,67,-4
401580351,43,2,68,-3
401580351,43,3,74,3
401580351,43,4,66,-5
401580351,76,1,70,-1
401580351,76,2,71,0
401580351,76,3,67,-4
401580351,76,4,67,-4
401580351,41,1,72,1
401580351,41,2,68,-3
401580351,41,3,68,-3
401580351,41,4,67,-4
401580351,219,1,72,1
401580351,219,2,66,-5
401580351,219,3,70,-1
401580351,219,4,67,-4
401580351,176,1,68,-3
401580351,176,2,70,-1
401580351,176,3,70,-1
401580351,176,4,67,-4
401580351,28,1,67,-4
401580351,28,2,73,2
401580351,28,3,67,-4
401580351,28,4,68,-3
401580351,194,1,65,-6
401580351,194,2,68,-3
401580351,194,3,73,2
401580351,194,4,69,-2
401580351,299,1,66,-5
401580351,299,2,71,0
401580351,299,3,68,-3
401580351,299,4,70,-1
401580351,42,1,72,1
401580351,42,2,67,-4
401580351,42,3,69,-2
401580351,42,4,68,-3
401580351,212,1,68,-3
401580351,212,2,70,-1
401580351,212,3,69,-2
401580351,212,4,69,-2
401580351,93,1,69,-2
401580351,93,2,68,-3
401580351,93,3,70,-1
401580351,93,4,69,-2
401580351,123,1,70,-1
401580351,123,2,65,-6
401580351,123,3,70,-1
401580351,123,4,71,0
401580351,157,1,70,-1
401580351,157,2,71,0
401580351,157,3,72,1
401580351,157,4,64,-7
401580351,147,1,73,2
401580351,147,2,68,-3
401580351,147,3,69,-2
401580351,147,4,67,-4
401580351,16,1,71,0
401580351,16,2,67,-4
401580351,16,3,71,0
401580351,16,4,68,-3
401580351,2,1,68,-3
401580351,2,2,68,-3
401580351,2,3,70,-1
401580351,2,4,71,0
401580351,94,1,73,2
401580351,94,2,68,-3
401580351,94,3,71,0
401580351,94,4,66,-5
401580351,113,1,72,1
401580351,113,2,68,-3
401580351,113,3,71,0
401580351,113,4,67,-4
401580351,47,1,71,0
401580351,47,2,67,-4
401580351,47,3,72,1
401580351,47,4,68,-3
401580351,7,1,70,-1
401580351,7,2,69,-2
401580351,7,3,70,-1
401580351,7,4,69,-2
401580351,184,1,71,0
401580351,184,2,68,-3
401580351,184,3,70,-1
401580351,184,4,69,-2
401580351,316,1,71,0
401580351,316,2,68,-3
401580351,316,3,69,-2
401580351,316,4,70,-1
401580351,135,1,71,0
401580351,135,2,67,-4
401580351,135,3,69,-2
401580351,135,4,71,0
401580351,203,1,70,-1
401580351,203,2,65,-6
401580351,203,3,71,0
401580351,203,4,72,1
401580351,158,1,69,-2
401580351,158,2,69,-2
401580351,158,3,67,-4
401580351,158,4,73,2
401580351,185,1,69,-2
401580351,185,2,67,-4
401580351,185,3,68,-3
401580351,185,4,74,3
401580351,19,1,68,-3
401580351,19,2,72,1
401580351,19,3,72,1
401580351,19,4,67,-4
401580351,100,1,72,1
401580351,100,2,68,-3
401580351,100,3,71,0
401580351,100,4,68,-3
401580351,141,1,68,-3
401580351,141,2,71,0
401580351,141,3,72,1
401580351,141,4,68,-3
401580351,233,1,70,-1
401580351,233,2,68,-3
401580351,233,3,73,2
401580351,233,4,68,-3
401580351,234,1,69,-2
401580351,234,2,70,-1
401580351,234,3,71,0
401580351,234,4,69,-2
401580351,293,1,69,-2
401580351,293,2,71,0
401580351,293,3,69,-2
401580351,293,4,70,-1
401580351,325,1,73,2
401580351,325,2,66,-5
401580351,325,3,68,-3
401580351,325,4,72,1
401580351,288,1,71,0
401580351,288,2,70,-1
401580351,288,3,70,-1
401580351,288,4,69,-2
401580351,4,1,68,-3
401580351,4,2,72,1
401580351,4,3,71,0
401580351,4,4,69,-2
401580351,110,1,71,0
401580351,110,2,69,-2
401580351,110,3,71,0
401580351,110,4,69,-2
401580351,258,1,69,-2
401580351,258,2,72,1
401580351,258,3,71,0
401580351,258,4,69,-2
401580351,242,1,72,1
401580351,242,2,69,-2
401580351,242,3,69,-2
401580351,242,4,71,0
401580351,53,1,69,-2
401580351,53,2,71,0
401580351,53,3,70,-1
401580351,53,4,71,0
401580351,308,1,71,0
401580351,308,2,69,-2
401580351,308,3,68,-3
401580351,308,4,73,2
401580351,52,1,68,-3
401580351,52,2,70,-1
401580351,52,3,70,-1
401580351,52,4,73,2
401580351,272,1,73,2
401580351,272,2,67,-4
401580351,272,3,74,3
401580351,272,4,68,-3
401580351,239,1,68,-3
401580351,239,2,72,1
401580351,239,3,73,2
401580351,239,4,69,-2
401580351,189,1,70,-1
401580351,189,2,69,-2
401580351,189,3,72,1
401580351,189,4,71,0
401580351,228,1,70,-1
401580351,228,2,71,0
401580351,228,3,68,-3
401580351,228,4,73,2
401580351,35,1,71,0
401580351,35,2,70,-1
401580351,35,3,68,-3
401580351,35,4,74,3
401580351,12,1,68,-3
401580351,12,2,69,-2
401580351,12,3,79,8
401580351,12,4,68,-3
401580351,195,1,68,-3
401580351,195,2,72,1
401580351,195,3,68,-3
401580351,195,4,76,5
401580351,252,1,72,1
401580351,252,2,68,-3
401580351,252,3,72,1
401580351,252,4,74,3
401580351,279,1,70,-1
401580351,279,2,71,0
401580351,279,3,70,-1
401580351,279,4,78,7
401580351,140,1,69,-2
401580351,140,2,71,0
401580351,140,3,75,4
401580351,140,4,75,4
401580351,39,1,70,-1
401580351,39,2,70,-1
401580351,39,3,74,3
401580351,39,4,79,8
401580351,72,1,74,3
401580351,72,2,68,-3
401580351,48,1,73,2
401580351,48,2,69,-2
401580351,30,1,73,2
401580351,30,2,69,-2
401580351,186,1,72,1
401580351,186,2,70,-1
401580351,236,1,72,1
401580351,236,2,70,-1
401580351,177,1,72,1
401580351,177,2,70,-1
401580351,173,1,71,0
401580351,173,2,71,0
401580351,99,1,71,0
401580351,99,2,71,0
401580351,142,1,70,-1
401580351,142,2,72,1
401580351,155,1,70,-1
401580351,155,2,72,1
401580351,267,1,70,-1
401580351,267,2,72,1
401580351,9,1,70,-1
401580351,9,2,72,1
401580351,200,1,69,-2
401580351,200,2,73,2
401580351,8,1,74,3
401580351,8,2,69,-2
401580351,11,1,73,2
401580351,11,2,70,-1
401580351,291,1,72,1
401580351,291,2,71,0
401580351,226,1,72,1
401580351,226,2,71,0
401580351,63,1,71,0
401580351,63,2,72,1
401580351,5,1,71,0
401580351,5,2,72,1
401580351,296,1,70,-1
401580351,296,2,73,2
401580351,136,1,68,-3
401580351,136,2,75,4
401580351,133,1,75,4
401580351,133,2,69,-2
401580351,287,1,75,4
401580351,287,2,69,-2
401580351,192,1,74,3
401580351,192,2,70,-1
401580351,20,1,74,3
401580351,20,2,70,-1
401580351,25,1,72,1
401580351,25,2,72,1
401580351,313,1,72,1
401580351,313,2,72,1
401580351,98,1,71,0
401580351,98,2,73,2
401580351,273,1,71,0
401580351,273,2,73,2
401580351,68,1,74,3
401580351,68,2,71,0
401580351,284,1,73,2
401580351,284,2,72,1
401580351,306,1,73,2
401580351,306,2,72,1
401580351,85,1,72,1
401580351,85,2,73,2
401580351,262,1,72,1
401580351,262,2,73,2
401580351,103,1,72,1
401580351,103,2,73,2
401580351,6,1,72,1
401580351,6,2,73,2
401580351,254,1,75,4
401580351,254,2,71,0
401580351,237,1,74,3
401580351,237,2,72,1
401580351,90,1,73,2
401580351,90,2,73,2
401580351,172,1,71,0
401580351,172,2,75,4
401580351,105,1,71,0
401580351,105,2,75,4
401580351,319,1,71,0
401580351,319,2,75,4
401580351,235,1,70,-1
401580351,235,2,76,5
401580351,190,1,69,-2
401580351,190,2,77,6
401580351,321,1,74,3
401580351,321,2,73,2
401580351,15,1,74,3
401580351,15,2,73,2
401580351,224,1,74,3
401580351,224,2,73,2
401580351,278,1,73,2
401580351,278,2,74,3
401580351,69,1,73,2
401580351,69,2,74,3
401580351,127,1,72,1
401580351,127,2,75,4
401580351,318,1,72,1
401580351,318,2,75,4
401580351,154,1,76,5
401580351,154,2,72,1
401580351,21,1,73,2
401580351,21,2,75,4
401580351,146,1,72,1
401580351,146,2,76,5
401580351,51,1,78,7
401580351,51,2,71,0
401580351,214,1,76,5
401580351,214,2,73,2
401580351,295,1,72,1
401580351,295,2,77,6
401580351,310,1,79,8
401580351,310,2,71,0
401580351,170,1,73,2
401580351,170,2,77,6
401580351,134,1,73,2
401580351,134,2,77,6
401580351,34,1,73,2
401580351,34,2,78,7
401580351,231,1,77,6
401580351,231,2,75,4
401580351,326,1,77,6
401580351,326,2,75,4
401580351,276,1,76,5
401580351,276,2,76,5
401580351,162,1,74,3
401580351,162,2,78,7
401580351,54,1,79,8
401580351,54,2,74,3
401580351,208,1,76,5
401580351,208,2,77,6
401580351,294,1,75,4
401580351,294,2,78,7
401580351,161,1,73,2
401580351,161,2,80,9
401580351,304,1,75,4
401580351,304,2,80,9
401580351,178,1,79,8
401580351,178,2,77,6
401580351,199,1,76,5
401580351,199,2,80,9
401580351,238,1,75,4
401580351,238,2,83,12
401580351,139,1,87,16
401580351,139,2,72,1
401580351,240,1,79,8
401580351,240,2,83,12
401580351,169,1,74,3
401580351,26,1,73,2
401580351,153,1,82,11
401580355,45,1,67,-3
401580355,45,2,69,-1
401580355,45,3,67,-3
401580355,45,4,71,1
401580355,250,1,65,-5
401580355,250,2,72,2
401580355,250,3,69,-1
401580355,250,4,69,-1
401580355,303,1,68,-2
401580355,303,2,69,-1
401580355,303,3,72,2
401580355,303,4,67,-3
401580355,233,1,65,-5
401580355,233,2,71,1
401580355,233,3,70,0
401580355,233,4,70,0
401580355,208,1,67,-3
401580355,208,2,70,0
401580355,208,3,69,-1
401580355,208,4,71,1
401580355,123,1,72,2
401580355,123,2,66,-4
401580355,123,3,70,0
401580355,123,4,70,0
401580355,251,1,70,0
401580355,251,2,70,0
401580355,251,3,72,2
401580355,251,4,67,-3
401580355,320,1,70,0
401580355,320,2,69,-1
401580355,320,3,72,2
401580355,320,4,68,-2
401580355,262,1,73,3
401580355,262,2,67,-3
401580355,262,3,73,3
401580355,262,4,67,-3
401580355,88,1,70,0
401580355,88,2,72,2
401580355,88,3,70,0
401580355,88,4,68,-2
401580355,76,1,69,-1
401580355,76,2,70,0
401580355,76,3,71,1
401580355,76,4,70,0
401580355,274,1,69,-1
401580355,274,2,71,1
401580355,274,3,71,1
401580355,274,4,70,0
401580355,186,1,66,-4
401580355,186,2,69,-1
401580355,186,3,73,3
401580355,186,4,73,3
401580355,292,1,69,-1
401580355,292,2,67,-3
401580355,292,3,76,6
401580355,292,4,70,0
401580355,75,1,70,0
401580355,75,2,74,4
401580355,75,3,66,-4
401580355,75,4,72,2
401580355,301,1,70,0
401580355,301,2,75,5
401580355,301,3,70,0
401580355,301,4,68,-2
401580355,11,1,68,-2
401580355,11,2,71,1
401580355,11,3,73,3
401580355,11,4,71,1
401580355,291,1,71,1
401580355,291,2,70,0
401580355,291,3,70,0
401580355,291,4,72,2
401580355,275,1,74,4
401580355,275,2,71,1
401580355,275,3,70,0
401580355,275,4,69,-1
401580355,2,1,69,-1
401580355,2,2,74,4
401580355,2,3,68,-2
401580355,2,4,73,3
401580355,211,1,71,1
401580355,211,2,74,4
401580355,211,3,72,2
401580355,211,4,68,-2
401580355,78,1,73,3
401580355,78,2,70,0
401580355,78,3,73,3
401580355,78,4,69,-1
401580355,219,1,73,3
401580355,219,2,69,-1
401580355,219,3,72,2
401580355,219,4,71,1
401580355,41,1,71,1
401580355,41,2,71,1
401580355,41,3,71,1
401580355,41,4,72,2
401580355,279,1,70,0
401580355,279,2,70,0
401580355,279,3,73,3
401580355,279,4,72,2
401580355,43,1,70,0
401580355,43,2,75,5
401580355,43,3,71,1
401580355,43,4,70,0
401580355,223,1,70,0
401580355,223,2,73,3
401580355,223,3,71,1
401580355,223,4,72,2
401580355,69,1,71,1
401580355,69,2,71,1
401580355,69,3,72,2
401580355,69,4,72,2
401580355,325,1,70,0
401580355,325,2,69,-1
401580355,325,3,75,5
401580355,325,4,72,2
401580355,299,1,71,1
401580355,299,2,68,-2
401580355,299,3,71,1
401580355,299,4,76,6
401580355,308,1,68,-2
401580355,308,2,71,1
401580355,308,3,70,0
401580355,308,4,77,7
401580355,6,1,70,0
401580355,6,2,72,2
401580355,6,3,76,6
401580355,6,4,69,-1
401580355,259,1,77,7
401580355,259,2,68,-2
401580355,259,3,72,2
401580355,259,4,70,0
401580355,278,1,71,1
401580355,278,2,72,2
401580355,278,3,74,4
401580355,278,4,70,0
401580355,171,1,74,4
401580355,171,2,70,0
401580355,171,3,72,2
401580355,171,4,71,1
401580355,127,1,73,3
401580355,127,2,71,1
401580355,127,3,71,1
401580355,127,4,72,2
401580355,72,1,72,2
401580355,72,2,71,1
401580355,72,3,72,2
401580355,72,4,72,2
401580355,52,1,71,1
401580355,52,2,72,2
401580355,52,3,72,2
401580355,52,4,72,2
401580355,125,1,70,0
401580355,125,2,72,2
401580355,125,3,73,3
401580355,125,4,72,2
401580355,90,1,75,5
401580355,90,2,67,-3
401580355,90,3,72,2
401580355,90,4,73,3
401580355,118,1,70,0
401580355,118,2,73,3
401580355,118,3,74,4
401580355,118,4,71,1
401580355,158,1,72,2
401580355,158,2,71,1
401580355,158,3,74,4
401580355,158,4,71,1
401580355,106,1,71,1
401580355,106,2,70,0
401580355,106,3,76,6
401580355,106,4,71,1
401580355,300,1,74,4
401580355,300,2,71,1
401580355,300,3,71,1
401580355,300,4,72,2
401580355,270,1,71,1
401580355,270,2,74,4
401580355,270,3,71,1
401580355,270,4,72,2
401580355,98,1,70,0
401580355,98,2,72,2
401580355,98,3,73,3
401580355,98,4,73,3
401580355,296,1,71,1
401580355,296,2,68,-2
401580355,296,3,76,6
401580355,296,4,73,3
401580355,188,1,76,6
401580355,188,2,69,-1
401580355,188,3,69,-1
401580355,188,4,74,4
401580355,33,1,73,3
401580355,33,2,67,-3
401580355,33,3,74,4
401580355,33,4,74,4
401580355,165,1,72,2
401580355,165,2,73,3
401580355,165,3,74,4
401580355,165,4,70,0
401580355,201,1,72,2
401580355,201,2,71,1
401580355,201,3,75,5
401580355,201,4,71,1
401580355,228,1,72,2
401580355,228,2,69,-1
401580355,228,3,74,4
401580355,228,4,74,4
401580355,194,1,74,4
401580355,194,2,69,-1
401580355,194,3,70,0
401580355,194,4,76,6
401580355,227,1,72,2
401580355,227,2,69,-1
401580355,227,3,78,8
401580355,227,4,71,1
401580355,85,1,76,6
401580355,85,2,68,-2
401580355,85,3,69,-1
401580355,85,4,78,8
401580355,258,1,69,-1
401580355,258,2,72,2
401580355,258,3,83,13
401580355,258,4,68,-2
401580355,28,1,77,7
401580355,28,2,68,-2
401580355,28,3,76,6
401580355,28,4,71,1
401580355,252,1,73,3
401580355,252,2,72,2
401580355,252,3,76,6
401580355,252,4,71,1
401580355,114,1,76,6
401580355,114,2,69,-1
401580355,114,3,75,5
401580355,114,4,72,2
401580355,273,1,70,0
401580355,273,2,72,2
401580355,273,3,78,8
401580355,273,4,72,2
401580355,40,1,73,3
401580355,40,2,70,0
401580355,40,3,75,5
401580355,40,4,74,4
401580355,7,1,73,3
401580355,7,2,70,0
401580355,7,3,74,4
401580355,7,4,75,5
401580355,319,1,73,3
401580355,319,2,71,1
401580355,319,3,71,1
401580355,319,4,77,7
401580355,200,1,73,3
401580355,200,2,72,2
401580355,200,3,79,9
401580355,200,4,69,-1
401580355,105,1,73,3
401580355,105,2,72,2
401580355,105,3,77,7
401580355,105,4,71,1
401580355,195,1,70,0
401580355,195,2,73,3
401580355,195,3,77,7
401580355,195,4,73,3
401580355,53,1,73,3
401580355,53,2,72,2
401580355,53,3,75,5
401580355,53,4,74,4
401580355,39,1,74,4
401580355,39,2,71,1
401580355,39,3,74,4
401580355,39,4,75,5
401580355,89,1,74,4
401580355,89,2,71,1
401580355,89,3,76,6
401580355,89,4,74,4
401580355,116,1,75,5
401580355,116,2,68,-2
401580355,116,3,81,11
401580355,116,4,72,2
401580355,37,1,74,4
401580355,37,2,71,1
401580355,37,3,78,8
401580355,37,4,73,3
401580355,261,1,69,-1
401580355,261,2,72,2
401580355,261,3,77,7
401580355,261,4,79,9
401580355,130,1,69,-1
401580355,130,2,73,3
401580355,130,3,81,11
401580355,130,4,75,5
401580355,24,1,72,2
401580355,24,2,72,2
401580355,24,3,78,8
401580355,24,4,78,8
401580355,312,1,78,8
401580355,312,2,68,-2
401580355,129,1,76,6
401580355,129,2,70,0
401580355,27,1,75,5
401580355,27,2,71,1
401580355,137,1,74,4
401580355,137,2,72,2
401580355,224,1,73,3
401580355,224,2,73,3
401580355,99,1,73,3
401580355,99,2,73,3
401580355,166,1,73,3
401580355,166,2,73,3
401580355,36,1,72,2
401580355,36,2,74,4
401580355,108,1,72,2
401580355,108,2,74,4
401580355,44,1,72,2
401580355,44,2,74,4
401580355,212,1,71,1
401580355,212,2,75,5
401580355,286,1,71,1
401580355,286,2,75,5
401580355,247,1,70,0
401580355,247,2,76,6
401580355,243,1,77,7
401580355,243,2,70,0
401580355,232,1,77,7
401580355,232,2,70,0
401580355,236,1,74,4
401580355,236,2,73,3
401580355,295,1,74,4
401580355,295,2,73,3
401580355,4,1,74,4
401580355,4,2,73,3
401580355,176,1,73,3
401580355,176,2,74,4
401580355,229,1,73,3
401580355,229,2,74,4
401580355,285,1,71,1
401580355,285,2,76,6
401580355,241,1,78,8
401580355,241,2,70,0
401580355,290,1,76,6
401580355,290,2,72,2
401580355,100,1,76,6
401580355,100,2,72,2
401580355,256,1,76,6
401580355,256,2,72,2
401580355,66,1,75,5
401580355,66,2,73,3
401580355,102,1,75,5
401580355,102,2,73,3
401580355,298,1,75,5
401580355,298,2,73,3
401580355,316,1,75,5
401580355,316,2,73,3
401580355,314,1,75,5
401580355,314,2,73,3
401580355,226,1,74,4
401580355,226,2,74,4
401580355,14,1,73,3
401580355,14,2,75,5
401580355,135,1,71,1
401580355,135,2,77,7
401580355,242,1,71,1
401580355,242,2,77,7
401580355,71,1,77,7
401580355,71,2,72,2
401580355,51,1,77,7
401580355,51,2,72,2
401580355,150,1,76,6
401580355,150,2,73,3
401580355,310,1,75,5
401580355,310,2,74,4
401580355,124,1,75,5
401580355,124,2,74,4
401580355,283,1,74,4
401580355,283,2,75,5
401580355,94,1,74,4
401580355,94,2,75,5
401580355,96,1,72,2
401580355,96,2,77,7
401580355,191,1,72,2
401580355,191,2,77,7
401580355,182,1,70,0
401580355,182,2,79,9
401580355,248,1,70,0
401580355,248,2,79,9
401580355,287,1,76,6
401580355,287,2,74,4
401580355,23,1,75,5
401580355,23,2,75,5
401580355,25,1,74,4
401580355,25,2,76,6
401580355,284,1,74,4
401580355,284,2,76,6
401580355,110,1,72,2
401580355,110,2,78,8
401580355,260,1,84,14
401580355,260,2,67,-3
401580355,5,1,79,9
401580355,5,2,72,2
401580355,217,1,77,7
401580355,217,2,74,4
401580355,168,1,77,7
401580355,168,2,74,4
401580355,38,1,76,6
401580355,38,2,75,5
401580355,120,1,76,6
401580355,120,2,75,5
401580355,315,1,75,5
401580355,315,2,76,6
401580355,20,1,75,5
401580355,20,2,76,6
401580355,111,1,73,3
401580355,111,2,78,8
401580355,58,1,73,3
401580355,58,2,78,8
401580355,59,1,73,3
401580355,59,2,78,8
401580355,317,1,71,1
401580355,317,2,80,10
401580355,8,1,76,6
401580355,8,2,76,6
401580355,133,1,75,5
401580355,133,2,77,7
401580355,47,1,74,4
401580355,47,2,78,8
401580355,268,1,78,8
401580355,268,2,75,5
401580355,112,1,77,7
401580355,112,2,76,6
401580355,152,1,75,5
401580355,152,2,78,8
401580355,184,1,74,4
401580355,184,2,79,9
401580355,144,1,74,4
401580355,144,2,79,9
401580355,213,1,80,10
401580355,213,2,74,4
401580355,204,1,79,9
401580355,204,2,75,5
401580355,282,1,79,9
401580355,282,2,75,5
401580355,192,1,72,2
401580355,192,2,82,12
401580355,70,1,81,11
401580355,70,2,74,4
401580355,237,1,79,9
401580355,237,2,76,6
401580355,56,1,79,9
401580355,56,2,76,6
401580355,74,1,79,9
401580355,74,2,78,8
401580355,230,1,79,9
401580355,230,2,80,10
401580355,245,1,78,8
401580355,245,2,81,11
401580355,244,1,77,7
401580355,244,2,82,12
401580355,65,1,80,10
401580355,65,2,80,10
401580360,320,1,69,-2
401580360,320,2,72,1
401580360,320,3,69,-2
401580360,320,4,65,-6
401580360,166,1,69,-2
401580360,166,2,68,-3
401580360,166,3,73,2
401580360,166,4,67,-4
401580360,33,1,72,1
401580360,33,2,68,-3
401580360,33,3,69,-2
401580360,33,4,68,-3
401580360,294,1,71,0
401580360,294,2,74,3
401580360,294,3,65,-6
401580360,294,4,68,-3
401580360,251,1,69,-2
401580360,251,2,75,4
401580360,251,3,66,-5
401580360,251,4,69,-2
401580360,275,1,66,-5
401580360,275,2,69,-2
401580360,275,3,77,6
401580360,275,4,68,-3
401580360,155,1,73,2
401580360,155,2,70,-1
401580360,155,3,72,1
401580360,155,4,68,-3
401580360,284,1,76,5
401580360,284,2,72,1
401580360,284,3,66,-5
401580360,284,4,69,-2
401580360,270,1,70,-1
401580360,270,2,70,-1
401580360,270,3,71,0
401580360,270,4,72,1
401580360,6,1,70,-1
401580360,6,2,77,6
401580360,6,3,66,-5
401580360,6,4,71,0
401580360,206,1,71,0
401580360,206,2,71,0
401580360,206,3,71,0
401580360,206,4,71,0
401580360,79,1,65,-6
401580360,79,2,72,1
401580360,79,3,73,2
401580360,79,4,74,3
401580360,135,1,73,2
401580360,135,2,68,-3
401580360,135,3,76,5
401580360,135,4,68,-3
401580360,14,1,69,-2
401580360,14,2,75,4
401580360,14,3,71,0
401580360,14,4,70,-1
401580360,47,1,75,4
401580360,47,2,71,0
401580360,47,3,68,-3
401580360,47,4,71,0
401580360,192,1,69,-2
401580360,192,2,74,3
401580360,192,3,75,4
401580360,192,4,68,-3
401580360,151,1,76,5
401580360,151,2,70,-1
401580360,151,3,69,-2
401580360,151,4,71,0
401580360,75,1,73,2
401580360,75,2,70,-1
401580360,75,3,72,1
401580360,75,4,71,0
401580360,89,1,71,0
401580360,89,2,69,-2
401580360,89,3,76,5
401580360,89,4,71,0
401580360,277,1,76,5
401580360,277,2,72,1
401580360,277,3,67,-4
401580360,277,4,72,1
401580360,80,1,76,5
401580360,80,2,71,0
401580360,80,3,68,-3
401580360,80,4,72,1
401580360,104,1,74,3
401580360,104,2,73,2
401580360,104,3,70,-1
401580360,104,4,71,0
401580360,273,1,70,-1
401580360,273,2,74,3
401580360,273,3,73,2
401580360,273,4,71,0
401580360,231,1,72,1
401580360,231,2,73,2
401580360,231,3,71,0
401580360,231,4,72,1
401580360,252,1,73,2
401580360,252,2,73,2
401580360,252,3,76,5
401580360,252,4,67,-4
401580360,76,1,71,0
401580360,76,2,70,-1
401580360,76,3,80,9
401580360,76,4,68,-3
401580360,158,1,71,0
401580360,158,2,74,3
401580360,158,3,74,3
401580360,158,4,70,-1
401580360,148,1,69,-2
401580360,148,2,77,6
401580360,148,3,71,0
401580360,148,4,72,1
401580360,233,1,73,2
401580360,233,2,68,-3
401580360,233,3,75,4
401580360,233,4,73,2
401580360,179,1,71,0
401580360,179,2,74,3
401580360,179,3,70,-1
401580360,179,4,74,3
401580360,115,1,73,2
401580360,115,2,75,4
401580360,115,3,71,0
401580360,115,4,71,0
401580360,53,1,73,2
401580360,53,2,73,2
401580360,53,3,71,0
401580360,53,4,73,2
401580360,99,1,72,1
401580360,99,2,73,2
401580360,99,3,72,1
401580360,99,4,73,2
401580360,39,1,73,2
401580360,39,2,73,2
401580360,39,3,70,-1
401580360,39,4,74,3
401580360,204,1,73,2
401580360,204,2,73,2
401580360,204,3,70,-1
401580360,204,4,74,3
401580360,220,1,73,2
401580360,220,2,71,0
401580360,220,3,72,1
401580360,220,4,74,3
401580360,69,1,70,-1
401580360,69,2,76,5
401580360,69,3,69,-2
401580360,69,4,75,4
401580360,94,1,74,3
401580360,94,2,69,-2
401580360,94,3,72,1
401580360,94,4,75,4
401580360,168,1,68,-3
401580360,168,2,78,7
401580360,168,3,67,-4
401580360,168,4,77,6
401580360,262,1,76,5
401580360,262,2,69,-2
401580360,262,3,65,-6
401580360,262,4,80,9
401580360,176,1,77,6
401580360,176,2,69,-2
401580360,176,3,74,3
401580360,176,4,71,0
401580360,203,1,70,-1
401580360,203,2,77,6
401580360,203,3,71,0
401580360,203,4,73,2
401580360,159,1,80,9
401580360,159,2,68,-3
401580360,159,3,73,2
401580360,159,4,71,0
401580360,293,1,72,1
401580360,293,2,73,2
401580360,293,3,76,5
401580360,293,4,71,0
401580360,43,1,70,-1
401580360,43,2,73,2
401580360,43,3,78,7
401580360,43,4,71,0
401580360,212,1,76,5
401580360,212,2,72,1
401580360,212,3,70,-1
401580360,212,4,74,3
401580360,278,1,76,5
401580360,278,2,71,0
401580360,278,3,71,0
401580360,278,4,74,3
401580360,98,1,71,0
401580360,98,2,74,3
401580360,98,3,72,1
401580360,98,4,75,4
401580360,50,1,71,0
401580360,50,2,75,4
401580360,50,3,70,-1
401580360,50,4,76,5
401580360,200,1,70,-1
401580360,200,2,78,7
401580360,200,3,73,2
401580360,200,4,72,1
401580360,208,1,72,1
401580360,208,2,72,1
401580360,208,3,77,6
401580360,208,4,72,1
401580360,241,1,75,4
401580360,241,2,71,0
401580360,241,3,74,3
401580360,241,4,73,2
401580360,247,1,72,1
401580360,247,2,75,4
401580360,247,3,72,1
401580360,247,4,74,3
401580360,118,1,76,5
401580360,118,2,71,0
401580360,118,3,72,1
401580360,118,4,74,3
401580360,8,1,73,2
401580360,8,2,72,1
401580360,8,3,73,2
401580360,8,4,75,4
401580360,110,1,76,5
401580360,110,2,68,-3
401580360,110,3,72,1
401580360,110,4,77,6
401580360,271,1,72,1
401580360,271,2,74,3
401580360,271,3,69,-2
401580360,271,4,78,7
401580360,3,1,73,2
401580360,3,2,75,4
401580360,3,3,70,-1
401580360,3,4,76,5
401580360,147,1,71,0
401580360,147,2,71,0
401580360,147,3,76,5
401580360,147,4,76,5
401580360,302,1,75,4
401580360,302,2,73,2
401580360,302,3,74,3
401580360,302,4,73,2
401580360,143,1,72,1
401580360,143,2,72,1
401580360,143,3,77,6
401580360,143,4,74,3
401580360,239,1,74,3
401580360,239,2,72,1
401580360,239,3,74,3
401580360,239,4,75,4
401580360,131,1,76,5
401580360,131,2,71,0
401580360,131,3,72,1
401580360,131,4,76,5
401580360,237,1,73,2
401580360,237,2,74,3
401580360,237,3,72,1
401580360,237,4,76,5
401580360,41,1,73,2
401580360,41,2,73,2
401580360,41,3,72,1
401580360,41,4,77,6
401580360,123,1,75,4
401580360,123,2,72,1
401580360,123,3,75,4
401580360,123,4,74,3
401580360,300,1,73,2
401580360,300,2,72,1
401580360,300,3,77,6
401580360,300,4,74,3
401580360,228,1,69,-2
401580360,228,2,75,4
401580360,228,3,75,4
401580360,228,4,77,6
401580360,88,1,74,3
401580360,88,2,73,2
401580360,88,3,71,0
401580360,88,4,78,7
401580360,24,1,73,2
401580360,24,2,73,2
401580360,24,3,72,1
401580360,24,4,78,7
401580360,242,1,79,8
401580360,242,2,69,-2
401580360,242,3,74,3
401580360,242,4,75,4
401580360,323,1,71,0
401580360,323,2,76,5
401580360,323,3,77,6
401580360,323,4,74,3
401580360,193,1,73,2
401580360,193,2,71,0
401580360,193,3,77,6
401580360,193,4,77,6
401580360,298,1,74,3
401580360,298,2,70,-1
401580360,298,3,74,3
401580360,298,4,80,9
401580360,82,1,77,6
401580360,82,2,71,0
401580360,82,3,76,5
401580360,82,4,75,4
401580360,2,1,73,2
401580360,2,2,74,3
401580360,2,3,75,4
401580360,2,4,77,6
401580360,13,1,73,2
401580360,13,2,74,3
401580360,13,3,72,1
401580360,13,4,80,9
401580360,187,1,73,2
401580360,187,2,75,4
401580360,187,3,78,7
401580360,187,4,76,5
401580360,21,1,75,4
401580360,21,2,72,1
401580360,21,3,79,8
401580360,21,4,77,6
401580360,83,1,77,6
401580360,83,2,71,0
401580360,83,3,80,9
401580360,83,4,78,7
401580360,313,1,78,7
401580360,313,2,71,0
401580360,324,1,76,5
401580360,324,2,73,2
401580360,11,1,76,5
401580360,11,2,73,2
401580360,128,1,76,5
401580360,128,2,73,2
401580360,316,1,76,5
401580360,316,2,73,2
401580360,221,1,76,5
401580360,221,2,73,2
401580360,72,1,75,4
401580360,72,2,74,3
401580360,310,1,74,3
401580360,310,2,75,4
401580360,171,1,74,3
401580360,171,2,75,4
401580360,267,1,73,2
401580360,267,2,76,5
401580360,170,1,73,2
401580360,170,2,76,5
401580360,183,1,78,7
401580360,183,2,72,1
401580360,127,1,78,7
401580360,127,2,72,1
401580360,122,1,77,6
401580360,122,2,73,2
401580360,64,1,75,4
401580360,64,2,75,4
401580360,263,1,75,4
401580360,263,2,75,4
401580360,226,1,75,4
401580360,226,2,75,4
401580360,308,1,73,2
401580360,308,2,77,6
401580360,197,1,72,1
401580360,197,2,78,7
401580360,48,1,79,8
401580360,48,2,72,1
401580360,157,1,76,5
401580360,157,2,75,4
401580360,255,1,76,5
401580360,255,2,75,4
401580360,327,1,76,5
401580360,327,2,75,4
401580360,301,1,76,5
401580360,301,2,75,4
401580360,45,1,76,5
401580360,45,2,75,4
401580360,97,1,76,5
401580360,97,2,75,4
401580360,156,1,75,4
401580360,156,2,76,5
401580360,186,1,75,4
401580360,186,2,76,5
401580360,5,1,74,3
401580360,5,2,77,6
401580360,90,1,73,2
401580360,90,2,78,7
401580360,105,1,73,2
401580360,105,2,78,7
401580360,207,1,73,2
401580360,207,2,78,7
401580360,219,1,71,0
401580360,219,2,80,9
401580360,138,1,80,9
401580360,138,2,72,1
401580360,245,1,79,8
401580360,245,2,73,2
401580360,290,1,78,7
401580360,290,2,74,3
401580360,322,1,77,6
401580360,322,2,75,4
401580360,257,1,75,4
401580360,257,2,77,6
401580360,4,1,75,4
401580360,4,2,77,6
401580360,312,1,75,4
401580360,312,2,77,6
401580360,215,1,74,3
401580360,215,2,78,7
401580360,205,1,72,1
401580360,205,2,80,9
401580360,303,1,71,0
401580360,303,2,81,10
401580360,210,1,71,0
401580360,210,2,81,10
401580360,17,1,79,8
401580360,17,2,74,3
401580360,26,1,79,8
401580360,26,2,74,3
401580360,250,1,78,7
401580360,250,2,75,4
401580360,22,1,77,6
401580360,22,2,76,5
401580360,281,1,76,5
401580360,281,2,77,6
401580360,299,1,76,5
401580360,299,2,77,6
401580360,279,1,74,3
401580360,279,2,79,8
401580360,141,1,72,1
401580360,141,2,81,10
401580360,52,1,80,9
401580360,52,2,74,3
401580360,264,1,74,3
401580360,264,2,80,9
401580360,16,1,73,2
401580360,16,2,81,10
401580360,111,1,80,9
401580360,111,2,75,4
401580360,85,1,80,9
401580360,85,2,75,4
401580360,254,1,79,8
401580360,254,2,76,5
401580360,181,1,78,7
401580360,181,2,77,6
401580360,92,1,77,6
401580360,92,2,78,7
401580360,184,1,77,6
401580360,184,2,78,7
401580360,132,1,74,3
401580360,132,2,81,10
401580360,295,1,79,8
401580360,295,2,77,6
401580360,268,1,78,7
401580360,268,2,78,7
401580360,259,1,77,6
401580360,259,2,79,8
401580360,198,1,76,5
401580360,198,2,80,9
401580360,164,1,80,9
401580360,164,2,78,7
401580360,319,1,78,7
401580360,319,2,80,9
401580360,91,1,78,7
401580360,91,2,80,9
401580360,172,1,80,9
401580360,172,2,79,8
401580360,77,1,83,12
401580360,77,2,77,6
401580360,117,1,81,10
401580360,117,2,79,8
401580360,297,1,82,11
401580360,297,2,80,9
401580360,10,1,74,3
401580360,10,2,91,20
401580360,153,1,82,11
401580360,101,1,82,11
